Price,Close,High,Low,Open,Volume,Returns
Ticker,AAPL,AAPL,AAPL,AAPL,AAPL,
Date,,,,,,
2023-01-03,123.2112045288086,128.9545531314731,122.32457886036785,128.34377240566315,112117500,
2023-01-04,124.4820327758789,126.74785308207225,123.22105739420844,125.00415469022626,89113600,0.010314226307017282
2023-01-05,123.16194152832031,125.87107085400619,122.90581107632524,125.24058317585433,80962700,-0.010604672964614315
2023-01-06,127.69357299804688,128.3536136037993,123.03387482286254,124.13723200436364,87754700,0.03679408925755312
2023-01-09,128.21571350097656,131.4272732222333,127.95958301489433,128.53096489801374,70790800,0.004089011613275684
2023-01-10,128.78707885742188,129.30920076375085,126.21586822934367,128.32406282244906,63896200,0.004456281845991894
2023-01-11,131.50607299804688,131.52576493439358,128.52110615216108,129.29935853420528,69458900,0.021112320931163886
2023-01-12,131.42724609375,132.26460425926095,129.48652329837336,131.89026209256642,71379600,-0.0005994164565924498
2023-01-13,132.75717163085938,132.9147972949888,129.70325330640753,130.0677495016975,57809700,0.010119100693631644
2023-01-17,133.91964721679688,135.24957434953774,132.1365500404185,132.82614355724837,63646600,0.00875640518442089
2023-01-18,133.2005157470703,136.5499789381121,133.02318309021993,134.78658853017248,69672800,-0.005369872790677133
2023-01-19,133.25961303710938,134.22504400705918,131.78190613060963,132.08729648616435,58280400,0.00044367163075609284
2023-01-20,135.8209228515625,135.96870251811072,132.22517644566975,133.26941994844375,80223600,0.019220450638258058
2023-01-23,139.01284790039062,141.1900098722199,135.8505477576372,136.06727935780177,81760300,0.023500981894494677
2023-01-24,140.4117431640625,141.03238502581226,138.21488923833545,138.22473520857972,66435100,0.010063064564177937
2023-01-25,139.75169372558594,140.31321463501226,136.74701946562928,138.79610855058309,65799300,-0.004700813647084634
2023-01-26,141.8204803466797,142.10616376720364,139.79108333600698,141.04221286895242,54105100,0.014803302671636986
2023-01-27,143.7611541748047,145.04183634112735,140.95352042033858,141.03233324940567,70555800,0.013684016746953853
2023-01-30,140.87472534179688,143.38683009380475,140.7269606636837,142.8056023172103,64015300,-0.0200779469918424
2023-01-31,142.1455535888672,142.19481349464007,140.16543164570373,140.57918779657314,65874500,0.009020981187271016
2023-02-01,143.2686004638672,144.43107102589934,139.2196980441436,141.83030751885846,77663600,0.007900682410708626
2023-02-02,148.57850646972656,148.9331416858034,145.96788199485025,146.68702845858084,118339000,0.03706259423675018
2023-02-03,152.2038116455078,155.04101372137666,145.6329433931969,145.82996797468513,154357300,0.024399930123943703
2023-02-06,149.47496032714844,150.8246093903739,148.53908238509402,150.30248753748006,69858300,-0.017928928906951636
2023-02-07,152.35157775878906,152.9229595728958,148.4011799958932,148.4011799958932,83322600,0.019244811474408152
2023-02-08,149.66212463378906,152.28259464697476,148.92327132396665,151.59300123087564,64120100,-0.017652939106794663
2023-02-09,148.62777709960938,152.036361465456,148.18446797066764,151.49453251585427,56007100,-0.0069112177627482785
2023-02-10,148.99282836914062,149.31842209117474,147.226745512614,147.46354505272012,57450700,0.0024561443133648275
2023-02-13,151.79489135742188,152.19940317198714,148.90402220916044,148.9336202674222,62199000,0.018806697066914735
2023-02-14,151.15359497070312,151.71598829923826,148.84485563822165,150.08801949687324,61707600,-0.004224756057229384
2023-02-15,153.25514221191406,153.42286958750384,150.83787171493694,151.06479521662123,65573800,0.01390338907664268
2023-02-16,151.6567840576172,154.24178188706213,151.3015922520093,151.45944356730615,68167900,-0.010429393306012114
2023-02-17,150.5122528076172,150.95623873407766,148.83496427712012,150.314927401964,59144100,-0.007546851643413288
2023-02-21,146.49661254882812,149.27895045459564,146.42755543146694,148.19363813923312,58867200,-0.02667982296379423
2023-02-22,146.9208984375,147.9469997349945,145.19427453082793,146.88142431742384,51011300,0.002896216378589944
2023-02-23,147.4043426513672,148.3317887532872,145.27320688340583,148.0851281966049,48394200,0.0032905067897663898
2023-02-24,144.75025939941406,145.22384336023686,143.77347836618958,145.14491019093927,55469600,-0.01800546174023121
2023-02-27,145.94410705566406,147.1774097603546,145.48038403430326,145.73692063205627,44998500,0.008247637421883836
2023-02-28,145.44091796875,147.08860849628215,144.86866373473268,145.08572620470352,50547000,-0.0034478205188658295
2023-03-01,143.36895751953125,145.26330849706878,143.0729618860178,144.86865768902635,55479000,-0.014246062787254599
2023-03-02,143.9609375,144.75025410916558,141.97777744941413,142.45137644789077,52238100,0.0041290666453237534
2023-03-03,149.01254272460938,149.09147589261863,145.36197027021535,146.06247767198354,70732300,0.03509011063927936
2023-03-06,151.77516174316406,154.21216902598104,151.41010897005816,151.7356876269036,87558000,0.01853950659482595
2023-03-07,149.57496643066406,151.97249979658332,149.11124338331118,151.64690605769943,56182000,-0.014496412240516676
2023-03-08,150.82798767089844,151.41997901042942,149.80188641133856,150.76879154793838,47204800,0.008377212244371268
2023-03-09,148.5784454345703,152.47567911750554,148.2232536400137,151.5087739759212,53833600,-0.014914620761476649
2023-03-10,146.516357421875,148.92376664622063,145.63824652167983,148.20352210122027,68572400,-0.013878783067516998
2023-03-13,148.4600067138672,151.0943387592709,145.72700445726582,145.83553566759903,84457100,0.013265749478030608
2023-03-14,150.5517120361328,151.35088971565344,148.09498288130473,149.25921331444258,73695900,0.014089352200401306
2023-03-15,150.94639587402344,151.2029174267054,147.91739708809698,149.17043689978033,77167900,0.002621583192596866
2023-03-16,153.76817321777344,154.3700254849667,149.6144034630521,150.127461556798,76161100,0.018693903404656265
2023-03-17,152.92950439453125,154.64626683139153,152.21912097617263,153.99507952206918,98944600,-0.005454111899049652
2023-03-20,155.2974853515625,155.71188834819753,152.09089801379864,152.99862213932042,73641400,0.015484134120530957
2023-03-21,157.15234375,157.2707359778321,154.44893912645242,155.21853377224946,73938300,0.01194390491409747
2023-03-22,155.7217559814453,159.97418188471804,155.70201892005895,157.17212136652458,75701800,-0.009103190791926674
2023-03-23,156.80702209472656,159.39203464017027,155.57371946683134,156.70836691747317,67622100,0.00696926454779101
2023-03-24,158.10939025878906,158.1981844310787,155.74145533462084,156.73795839634036,59196500,0.008305547459958484
2023-03-27,156.1656951904297,158.62243920020293,155.76116835559435,157.80352453027854,52390300,-0.01229335629704209
2023-03-28,155.5441131591797,156.3729039229444,153.8964227422894,155.85984584155918,45992200,-0.003980272559168885
2023-03-29,158.6224822998047,158.89874093159347,157.2214520800284,157.2411740858945,51305700,0.019790971693507187
2023-03-30,160.19122314453125,160.29975438530866,159.1157867936236,159.37230833774987,49501700,0.009889776165282527
2023-03-31,162.69729614257812,162.7959663866168,159.74724553838644,160.27016471086742,68749800,0.01564425908519218
2023-04-03,163.9503173828125,164.06870961825848,162.02636828199599,162.07570339841976,56976200,0.007701549257071338
2023-04-04,163.41754150390625,164.61137005549932,162.90448337873613,164.37458557847017,46278300,-0.0032496178562573252
2023-04-05,161.57249450683594,162.84527116493152,159.6386845457234,162.53941454235493,51511700,-0.01129038523092829
2023-04-06,162.4604949951172,162.75649064193277,159.83602334429725,160.26027222926052,45390100,0.0054959879835467795
2023-04-10,159.8656005859375,159.8656005859375,157.94165171461705,159.26374836927192,47716900,-0.015972464008912945
2023-04-11,158.65203857421875,160.191197704471,158.36590395989919,160.18133670413533,47644200,-0.00759113910228848
2023-04-12,157.96142578125,159.8952361057982,157.64569304379242,159.0664602524204,50133100,-0.00435300295650265
2023-04-13,163.34848022460938,163.58527977239888,159.26378211877287,159.47098360495934,68445600,0.03410360736310114
2023-04-14,163.00315856933594,164.0983319737809,161.63172656331614,162.39143019016473,49386500,-0.0021140181702248295
2023-04-17,163.02288818359375,163.18075455042484,161.83892054229136,162.8847588763579,41516200,0.00012103823282316739
2023-04-18,164.24630737304688,165.1737533320214,163.4372536454433,163.88125462301093,49923000,0.0075045854179403015
2023-04-19,165.3907928466797,165.9137118693031,163.32869975496104,163.5852362939575,47720200,0.006968104744256909
2023-04-20,164.42391967773438,165.6276243886042,163.3484832728481,163.87140244421354,52456400,-0.005845991498702241
2023-04-21,162.81568908691406,164.226580111448,162.29276996055185,162.84528714652217,58337300,-0.009781001413738277
2023-04-24,163.1215362548828,163.38793383083043,161.70076925644653,162.79594256316088,41949600,0.001878487077529023
2023-04-25,161.58238220214844,164.08844653165775,161.54290808705858,162.98341218856248,48714100,-0.009435627496355847
2023-04-26,161.57249450683594,163.07219461797823,160.6253265824028,160.8818480921529,45498800,-6.119290468264982e-05
2023-04-27,166.160400390625,166.3083906842776,162.98341161052969,162.98341161052969,64902300,0.028395339799590413
2023-04-28,167.41342163085938,167.5811640335514,165.63747792316207,166.23933019675923,55275900,0.007541034068819341
2023-05-01,167.3246612548828,168.17317422093868,166.38735409649894,167.01880455577543,52472900,-0.0005301867383863401
2023-05-02,166.2886505126953,168.07448533412125,165.30200842691818,167.81794875664258,48425700,-0.006191620137867004
2023-05-03,165.2132110595703,168.6368602354505,164.92709148440827,167.23583030731814,65136000,-0.006467305193765482
2023-05-04,163.5753631591797,164.80866560341155,162.11513728059836,162.68739142131733,81235400,-0.00991354075068529
2023-05-05,171.25148010253906,171.97172463520235,168.4790030974248,168.6960655683585,113453200,0.04692709705855602
2023-05-08,171.18240356445312,171.5277343198539,169.8109716539451,170.1760244116815,55962800,-0.0004033631595159459
2023-05-09,169.47552490234375,171.22187065365208,169.3077975448434,170.73842563937583,45326900,-0.009971110502994596
2023-05-10,171.24159240722656,171.70531537679722,169.60376298512443,170.70881232248743,53724500,0.010420782032688702
2023-05-11,171.42904663085938,172.2578222934666,169.8701504721675,171.52771685234399,49514700,0.0010946769473332285
2023-05-12,170.5003204345703,171.97244074298538,168.94914270667581,171.5377153905618,45533100,-0.005417554460819596
2023-05-15,170.00634765625,171.13267487374878,169.4135375098661,171.0832715155854,37266700,-0.002897195600930713
2023-05-16,170.00634765625,171.0635071571624,169.73958158279842,169.92730529834625,42110300,0.0
2023-05-17,170.61891174316406,170.85602374756016,168.37613188825594,169.65066921503973,57951600,0.003603183618488437
2023-05-18,172.95059204101562,173.13831574371522,170.51021405749552,170.92517510124802,65496700,0.01366601318710492
2023-05-19,173.05926513671875,174.27450921230027,172.84190244667505,174.27450921230027,55809500,0.0006283476362853868
2023-05-22,172.11080932617188,172.61470252401188,171.36980410656224,171.8934465890232,43570900,-0.005480526048678103
2023-05-23,169.50244140625,171.300620989034,169.22580071286586,171.05361929309908,50747300,-0.01515516619864754
2023-05-24,169.77908325195312,170.35212899950594,168.4749221279745,169.03807815911904,45143500,0.0016320817765691498
2023-05-25,170.91531372070312,171.814388514026,169.63090177565675,170.3422679275043,56058300,0.006692405489455044
2023-05-26,173.3260498046875,173.66198362102864,171.0338815491583,171.2413696393752,54835000,0.014104857145356808
2023-05-30,175.17359924316406,176.84333305757605,174.45235853913644,174.83768056740178,55964400,0.010659386979386287
2023-05-31,175.1242218017578,177.19904230758075,174.64009299685546,175.20326416230037,99625300,-0.0002818771870851666
2023-06-01,177.9301300048828,177.95976900098933,174.8080250915144,175.5687945017499,68901800,0.016022387847075326
2023-06-02,178.77981567382812,179.59986307293,177.11008187963884,178.8588580217184,61996900,0.004775389468450353
2023-06-05,177.42626953125,182.73186141970515,175.90473056039738,180.43969339813148,121946500,-0.007571023258283183
2023-06-06,177.06068420410156,177.95975882757918,175.30201843952955,177.81156385551847,64848400,-0.0020604915389039746
2023-06-07,175.6873779296875,179.03672040758232,175.19337452542106,176.29993732672585,61944600,-0.00775613333127656
2023-06-08,178.40440368652344,178.67115468077665,175.3317017878174,175.76641213704826,50214900,0.015465116440654736
2023-06-09,178.78973388671875,180.0444917855316,178.4636898031236,179.32325097528164,48900000,0.0021598693318825024
2023-06-12,181.5857696533203,181.68457636718009,178.79959821677159,179.09600328256303,54274900,0.0156386818516836
2023-06-13,181.11151123046875,181.9414332653256,180.2519501997803,180.60763322554558,54929100,-0.0026117598518705654
2023-06-14,181.7438507080078,182.1785761189824,179.8370047903456,181.17080494588566,57462900,0.003491437254556473
2023-06-15,183.77914428710938,184.28303741690132,181.57589328622848,181.7537423543279,65433200,0.011198692947094413
2023-06-16,182.70220947265625,184.74739071591918,182.06001110467366,184.4904993080967,101256200,-0.005859940302968658
2023-06-20,182.79112243652344,183.8680612460024,182.19832743508823,182.19832743508823,49799100,0.0004866551101041505
2023-06-21,181.75375366210938,183.18636063386023,180.40017397466633,182.68246747271866,49515700,-0.005675159496732696
2023-06-22,184.7572784423828,184.8066817993699,181.46721386744264,181.53638158238215,51245300,0.01652524209132511
2023-06-23,184.44110107421875,185.31055187722217,182.79113153727351,183.3246636484937,53117000,-0.0017113121108387475
2023-06-26,183.0480194091797,185.79467703737228,183.0084906957425,184.5893075659166,48088700,-0.007552989311631175
2023-06-27,185.8045654296875,186.13060949863421,183.4432296659109,183.66059237854205,50730800,0.015059141472303583
2023-06-28,186.98031616210938,187.62251465229744,185.35011071729988,185.67613974563,51216800,0.006327889358923144
2023-06-29,187.31619262695312,187.79044671269003,186.67399428172388,186.81231462111722,46347300,0.0017963199107682293
2023-06-30,191.64366149902344,192.14753949056515,188.96615669898216,189.3317294308403,85213200,0.023102481485349324
2023-07-03,190.1518096923828,191.5547776450248,189.46019281962833,191.45597092726317,31458200,-0.007784508994304606
2023-07-05,189.03533935546875,190.66554451499093,188.33384790710164,189.27246641036476,46920300,-0.0058714683742439044
2023-07-06,189.50955200195312,189.71704003056965,186.93085405769477,187.56317770691825,45094300,0.0025085925631749273
2023-07-07,188.3931427001953,190.3592817984136,187.9584323411384,189.11439856972888,46815000,-0.005891045015748331
2023-07-10,186.34796142578125,187.71141562141005,184.79678352776446,186.9901598095207,59922200,-0.010855922063303103
2023-07-11,185.82432556152344,187.0296950947768,184.3620796809065,186.8913747422291,46638100,-0.0028099897645854632
2023-07-12,187.49407958984375,189.40092573103476,186.20966756388748,187.40514750841933,60750200,0.008985659026473858
2023-07-13,188.2548065185547,188.89701997543003,187.5039267878899,188.21529288043007,41342300,0.0040573383990314404
2023-07-14,188.4030303955078,188.88714410801785,187.35574553686786,187.94854060692288,41616200,0.0007873577291026557
2023-07-17,191.6634521484375,191.9894962144421,189.5095893997432,189.598506397075,50520200,0.0173055695870985
2023-07-18,191.40655517578125,191.99936529239264,190.1122686661601,191.03112283932904,48288200,-0.0013403545108708892
2023-07-19,192.7601318359375,195.85258285437448,190.3395031262878,190.7841182449009,80507300,0.00707173617389012
2023-07-20,190.81375122070312,194.1136901954007,190.19130213491889,192.7502360363635,59581200,-0.010097423137741868
2023-07-21,189.63804626464844,192.63170595716375,188.93655473427472,191.77214478083425,71951700,-0.0061615315905341195
2023-07-24,190.43832397460938,192.57242242955687,189.9443205401746,191.09041212625252,45377800,0.0042200271819090585
2023-07-25,191.29788208007812,192.10805493602857,190.60628029804008,191.01136672601527,37283200,0.00451357734897595
2023-07-26,192.16732788085938,193.29365506077994,191.00148706119938,191.34728040522955,47471900,0.004544983934622326
2023-07-27,190.9027099609375,194.83497352174916,190.2407470931574,193.6691325212443,47460200,-0.0065808164887734
2023-07-28,193.48138427734375,194.27179277672036,191.8116502798051,192.3352927070371,48291400,0.013507793142035096
2023-07-31,194.0939178466797,194.1334465580661,192.91818743340556,193.70859582748605,38824100,0.003165852733707508
2023-08-01,193.26402282714844,194.37058568804014,192.93797875368105,193.88647197429418,35175100,-0.00427573943963977
2023-08-02,190.27035522460938,192.83916391140565,189.54911446715442,192.70084355962268,50389300,-0.01549004081952976
2023-08-03,188.87728881835938,190.06289415573028,188.40304969856896,189.27250064800953,61235200,-0.007321510513844998
2023-08-04,179.80734252929688,185.13269797319032,179.7381748247779,183.29500493096032,115956800,-0.04802031173681731
2023-08-07,176.7050323486328,180.93370048918646,175.2230220636036,179.9456936325003,97576100,-0.017253523337950383
2023-08-08,177.64361572265625,178.10798009875546,175.45023954323045,177.5349343777014,67823000,0.005311582593593878
2023-08-09,176.0529327392578,178.76006170176663,174.88707688488682,178.70078370635215,60378500,-0.008954349284816754
2023-08-10,175.83558654785156,178.58224448237493,175.4700288246158,177.32747151707323,54686900,-0.0012345502459090163
2023-08-11,175.89492797851562,176.71608281179377,174.6681548123879,175.4299516016464,52036700,0.0003374824847979241
2023-08-14,177.54714965820312,177.77469387045335,175.42005736478495,176.0730260741773,43675600,0.009393230940060393
2023-08-15,175.5585479736328,177.56690888775307,175.1628176334086,176.97331337741676,43622600,-0.01120041458507548
2023-08-16,174.68795776367188,176.63694575843348,174.61869664349865,175.24198634047178,46964900,-0.0049589736302199094
2023-08-17,172.1453399658203,175.6179215615527,171.6308784010705,175.25187020963352,66062900,-0.014555197910615991
2023-08-18,172.630126953125,173.23362560342792,170.12709527960956,170.46346761685473,61172200,0.002816149350316044
2023-08-21,173.96571350097656,174.2526308376999,171.88810651020768,173.2039318191006,46311900,0.007736694465932947
2023-08-22,175.3408966064453,175.78609702554508,174.37134667878323,175.17271045239184,42038900,0.007904908834010183
2023-08-23,179.1894073486328,179.6148317580196,176.42915305906453,176.6171302332487,52722800,0.021948734246668877
2023-08-24,174.49998474121094,179.16967585239115,174.13391827576947,178.74425133745834,54945800,-0.026170199884070655
2023-08-25,176.70620727539062,177.2404448053197,173.9459523611551,175.4893219988908,51449600,0.01264311018394415
2023-08-28,178.26934814453125,178.6650784859593,176.64682959084442,178.17040801110178,43820700,0.00884598732122921
2023-08-29,182.15745544433594,182.9291401969668,177.58670497165372,177.78457014737916,53003900,0.021810296275119656
2023-08-30,185.6498565673828,185.84773686983334,182.7708853589575,182.96875056526045,60813900,0.019172430326982015
2023-08-31,185.86746215820312,187.1041382306799,185.4816198274361,185.83778314015515,60794500,0.0011721290543595941
2023-09-01,187.4405517578125,187.89564016216337,186.27312153245367,187.47023078000296,45766500,0.008463501795007211
2023-09-05,187.67799377441406,187.9550080601447,185.6102746073009,186.27313129788112,45280000,0.0012667590570707432
2023-09-06,180.9603729248047,186.8370611072444,179.53571941437733,186.3918455631262,81755800,-0.035793332582635395
2023-09-07,175.66741943359375,176.31050026534143,171.69026361941778,173.31278256858107,112488800,-0.029249240624688255
2023-09-08,176.28079223632812,178.31884760950354,175.89494980617377,176.4489935101174,65551300,0.0034916708215562142
2023-09-11,177.4481964111328,178.37817933531872,175.44972343125323,178.15063513987275,58953100,0.0066224127994594095
2023-09-12,174.42083740234375,178.21001559327632,172.95661681425068,177.57683789873767,90370200,-0.017060522845636195
2023-09-13,172.35311889648438,175.41017925863045,172.1255595752841,174.6285913393108,84267900,-0.011854767679446931
2023-09-14,173.86680603027344,174.2229694212733,171.72982568427443,172.14534712441645,60895800,0.008782476020629426
2023-09-15,173.1445770263672,174.61870067060727,171.96727382158934,174.5989096220804,109259500,-0.004153921156062945
2023-09-18,176.07302856445312,177.46800307348116,174.2922116482627,174.59890495957814,67257600,0.016913330976805474
2023-09-19,177.1613006591797,177.71532920549458,175.24197669791334,175.62781908525017,51826900,0.006180799544367455
2023-09-20,173.61944580078125,177.78456267568592,173.5303936437239,177.34925024969752,58436200,-0.019992260415903185
2023-09-21,172.07608032226562,174.42082885900223,172.006834299268,172.68948203416045,63149100,-0.008889358397598857
2023-09-22,172.92689514160156,175.19249433338604,172.19479251227028,172.80817906033587,56725400,0.0049444107382183855
2023-09-25,174.20318603515625,175.0836990271703,172.2937498255981,172.34321990077478,46172700,0.007380522807106438
2023-09-26,170.12709045410156,173.3325457352886,169.83028512536117,172.95660640862047,64588900,-0.023398513390174625
2023-09-27,168.61337280273438,171.19555331579562,167.24809254140138,170.7800319235512,66921800,-0.008897569736405764
2023-09-28,168.87062072753906,170.19633406818943,165.83333655703308,167.53500431517824,56294400,0.001525667392382024
2023-09-29,169.3850860595703,171.2252609973693,168.5243490895999,170.18644988639232,51861100,0.003046505838699476
2023-10-02,171.89797973632812,172.44212024536975,169.108031178775,169.39494849088058,52164500,0.014835389202294103
2023-10-03,170.56239318847656,171.77929356494764,168.9992475938596,170.42388604353025,49594600,-0.0077696465653650515
2023-10-04,171.8089599609375,172.3531005247124,169.14763028223018,169.26634637027362,53020300,0.007308567552071432
2023-10-05,173.04562377929688,173.57986123329636,170.83938266052527,171.93755168454948,48527900,0.007197900613801211
2023-10-06,175.59815979003906,176.09283034712797,171.33408690716874,171.94748866333921,57266700,0.014750653353694076
2023-10-09,177.0821533203125,177.1415113656987,173.92615307401468,174.9253820623563,42390800,0.008451076776931021
2023-10-10,176.48855590820312,177.80438136546655,176.0532434145344,176.20165363527434,43698000,-0.0033521018407521863
2023-10-11,177.883544921875,177.9330149994758,175.70699737277417,176.30059301553902,47551100,0.007904132970510735
2023-10-12,178.7838134765625,180.39642899359671,177.13160077070958,178.1506358590928,56743100,0.005060999628059504
2023-10-13,176.9436492919922,179.9908063804386,176.24121051823693,179.48624788964275,51427100,-0.010292677780986859
2023-10-16,176.8150177001953,177.17118104988546,174.6285675347915,174.86601479996662,52517000,-0.0007269635972332322
2023-10-17,175.2617645263672,176.51823191229096,172.93682206936518,174.76709399132676,57549400,-0.008784622449105495
2023-10-18,173.96571350097656,175.68717223288098,173.2434988158149,173.70849028197048,54764400,-0.007394944521374125
2023-10-19,173.5897979736328,175.94441955236843,173.32267164674883,174.16360253338752,59302900,-0.0021608598601334794
2023-10-20,171.03729248046875,173.55021220691836,170.79984518424126,173.44138408316581,64244000,-0.014704236786725056
2023-10-23,171.156005859375,172.15523490983713,168.1187215150264,169.08828663709707,55980100,0.0006940789180218676
2023-10-24,171.59129333496094,171.81883752196748,169.6224994494151,171.20545097606092,43816600,0.0025432205747053516
2023-10-25,169.2762451171875,171.21534495437086,168.83102960610762,170.04792986204652,57157000,-0.013491641520844921
2023-10-26,165.11109924316406,169.55324523930184,163.90410215906684,168.554001286647,70625300,-0.024605613570527707
2023-10-27,166.4269256591797,167.1590433521086,165.05174242645685,165.13089150916355,58499100,0.007969339566189726
2023-10-30,168.47486877441406,169.34549366723184,167.0700063949142,167.21841659954197,51131000,0.012305359286803652
2023-10-31,168.94976806640625,169.07837213199355,166.1103491096919,167.54490564738762,44846000,0.002818813841179324
2023-11-01,172.1156463623047,172.37286957481675,168.30667766450742,169.1773025316942,56934900,0.018738577342432894
2023-11-02,175.6772918701172,175.88504503012373,173.58978171760563,173.64913976332178,77334800,0.020693327905327186
2023-11-03,174.76707458496094,174.9352758328065,171.50226149314057,172.38277434389337,79829200,-0.005181189187667967
2023-11-06,177.31959533691406,177.51746053122469,174.3317961816863,174.49998235165765,63841300,0.014605272520667123
2023-11-07,179.88198852539062,180.495375116872,177.06236062659886,177.2701137835187,70530000,0.014450705144053222
2023-11-08,180.94058227539062,181.4946108426327,179.65443590363796,180.40634475587757,49340300,0.005884934665654873
2023-11-09,180.46568298339844,182.15744752284814,179.87207238589124,181.00982351508927,53763500,-0.002624614589055496
2023-11-10,184.65611267089844,184.8245355233408,181.81296804065445,182.2488540012565,66133400,0.023220091588745273
2023-11-13,183.07110595703125,184.28959445510736,182.4866293320066,184.08156757584422,43627500,-0.008583559411824315
2023-11-14,185.68637084960938,186.3501007196846,184.55703694714765,185.94393292700153,60108400,0.014285514248173925
2023-11-15,186.25103759765625,187.72710311138576,186.0231936311185,186.09254599086609,53790500,0.003040970349429628
2023-11-16,187.93516540527344,189.173470968727,186.88506958999568,187.79647578680803,54412900,0.009042246579346713
2023-11-17,187.91534423828125,188.5988913131576,186.80582731444395,188.47010270019993,50922700,-0.0001054681115663092
2023-11-20,189.6588592529297,190.11456230851306,188.10355547172335,188.11345647352806,46505100,0.009278193974610272
2023-11-21,188.85646057128906,189.72823253932046,187.9648865974642,189.61926104331656,38134500,-0.004230747167842774
2023-11-22,189.52017211914062,191.12501116236683,189.04466705374648,189.69849596618437,39617700,0.0035143703627815714
2023-11-24,188.19273376464844,189.1140258787283,187.47946852715137,189.0843077535022,24048300,-0.00700420614676156
2023-11-27,188.01441955566406,188.88619158317397,187.1327465245819,188.1432081822833,40552600,-0.0009475084686710877
2023-11-28,188.6186981201172,189.29234420962146,187.62805366546104,188.0045033953615,38415400,0.003214001170129599
2023-11-29,187.59832763671875,190.29288164913223,187.2020759179661,189.11401237919708,43014200,-0.005409699534394186
2023-11-30,188.1728973388672,188.53944603911236,186.42936866830843,188.06392585220516,48794400,0.003062765587447558
2023-12-01,189.4508514404297,189.76784980640184,187.4596464071562,188.54936135651158,45704800,0.0067913823915943805
2023-12-04,187.65777587890625,188.2719857330804,185.69630404843608,188.20263336404662,43389500,-0.009464594895670086
2023-12-05,191.6104278564453,192.58125508438908,188.40073472916,188.43046796633192,66628400,0.02106308656290201
2023-12-06,190.520751953125,192.93791176533594,190.3127099631217,192.6308143978356,41089700,-0.005686934242100317
2023-12-07,192.45249938964844,193.17566559760107,191.7788533108163,191.81848755335412,47477700,0.010139301974824821
2023-12-08,193.8790283203125,194.15640755182167,191.8581052152776,192.38314555463674,53406400,0.007412368949160086
2023-12-11,191.3726806640625,191.6797931299085,189.62915193698308,191.30334341541183,60943700,-0.012927378881377516
2023-12-12,192.8883819580078,192.8982829604503,189.92634969600132,191.27362671385956,52696900,0.007920155001674312
2023-12-13,196.1079559326172,196.14757505430106,193.02705149757753,193.26479645974607,70404200,0.016691383596707743
2023-12-14,196.25656127929688,197.75242887078264,194.32480773637585,196.16740691178524,66831600,0.0007577731661776443
2023-12-15,195.72161865234375,196.54384019084355,195.15694409646994,195.6819844119138,128538400,-0.002725731172838808
2023-12-18,194.05735778808594,194.79044018738927,192.5713909822812,194.25548367231937,55751900,-0.008503204069725157
2023-12-19,195.09750366210938,195.10740466398735,194.05732405565033,194.32480226669028,40714100,0.005359991941966458
2023-12-20,193.0072479248047,195.8305753609382,193.0072479248047,195.05787394759355,52242800,-0.01071390303857922
2023-12-21,192.858642578125,195.23619818360498,191.6896894536902,194.26537091395173,46482500,-0.0007699469749321564
2023-12-22,191.78875732421875,193.58182122700063,191.164646529934,193.35396213687642,37149600,-0.005547510029128455
2023-12-26,191.24391174316406,192.0760494430794,191.02596875756228,191.7986702097743,28919300,-0.0028408629820444453
2023-12-27,191.3429718017578,191.6897034098951,189.3022466284661,190.68915794498034,48087700,0.000517977579996387
2023-12-28,191.76895141601562,192.8388492190412,191.36278357008254,192.32370988068791,34049900,0.0022262621419884
2023-12-29,190.72877502441406,192.58127531145587,189.9362564400636,192.08595308574118,42672100,-0.005424112630959987
2024-01-02,183.90322875976562,186.67703614744315,182.16960103197144,185.39909638597572,82488700,-0.03578666231026095
2024-01-03,182.5262451171875,184.14100045386294,181.7139093893273,182.49652699212288,58414500,-0.00748754468240953
2024-01-04,180.2081298828125,181.37708304150152,179.18776734055538,180.44587486910356,71983600,-0.012700174886557836
2024-01-05,179.4849395751953,181.05015949262307,178.48439420396812,180.28737421180142,62379700,-0.004013083694323183
2024-01-08,183.82398986816406,183.86362411289957,179.80197564152536,180.38645226507356,59144500,0.02417501046738746
2024-01-09,183.40792846679688,183.41782947036643,181.02047151140061,182.1993409257264,42841800,-0.002263368353965012
2024-01-10,184.44808959960938,184.6561164657865,182.1993225017619,182.6253074687535,46792900,0.005671298626552135
2024-01-11,183.8536834716797,185.3000308909078,181.90211286972462,184.7947925921475,49128400,-0.0032226201378392494
2024-01-12,184.18060302734375,184.99293868218925,183.45743685571247,184.3192926371913,40477800,0.0017781506983753914
2024-01-16,181.9120330810547,182.5361287641061,179.23728115128065,180.45578462721193,65603000,-0.012317094791747807
2024-01-17,180.9709014892578,181.21856257523459,178.61317822966134,179.5741044525339,47317400,-0.005173553260094277
2024-01-18,186.86524963378906,187.37047281337263,184.09144241490495,184.34900450558874,78005800,0.03257069559816017
2024-01-19,189.767822265625,190.1541729432286,187.05346652103705,187.55868967912403,68903000,0.015532971686947006
2024-01-22,192.0760498046875,193.50258021639056,190.46129453087994,190.50092877344645,60133900,0.012163429560948291
2024-01-23,193.35394287109375,193.91861736509364,192.01658216578133,193.1954512748418,42355600,0.0066530578263437334
2024-01-24,192.68032836914062,194.542744606446,192.5218216434054,193.59171936806808,53631300,-0.0034838415599428574
2024-01-25,192.35342407226562,194.43378338829353,191.30334341188293,193.39360373027958,54822100,-0.0016966148004933235
2024-01-26,190.6197967529297,192.93790105900956,190.14429166563914,192.45249496932922,44594000,-0.009012718789370933
2024-01-29,189.93624877929688,190.4018528619721,187.8063693410428,190.2136280052267,47145600,-0.0035859233158179737
2024-01-30,186.28076171875,190.00559424490717,185.71610228505008,189.15363947733223,55859400,-0.019245863199048974
2024-01-31,182.67483520507812,185.34958738130655,182.6253150741395,185.29013601531707,55467800,-0.01935748211678545
2024-02-01,185.11181640625,185.20097077595153,182.1002640289582,182.26867176596141,64885400,0.013340541396607897
2024-02-02,184.11126708984375,185.5774165638072,177.57300802816712,178.1773017145222,102551700,-0.005405107765840467
2024-02-05,185.9241485595703,187.47946764726828,184.1013663460926,186.38975267397447,69668800,0.009846662284073604
2024-02-06,187.52899169921875,187.53889270164484,185.02266252630227,185.1118168962398,43490800,0.00863170896347687
2024-02-07,187.63795471191406,189.26261088240534,186.84543618864265,188.85644306077413,53439000,0.0005810462249489223
2024-02-08,186.5581817626953,187.7667541606289,185.5972553767356,187.61816353023744,40962000,-0.00575455509988132
2024-02-09,187.32191467285156,188.45268968737696,186.4787864459619,187.12352087688578,45155200,0.004093805497781489
2024-02-12,185.63568115234375,187.14338640307878,185.27859346494134,186.8954092628083,41781900,-0.009001795243512967
2024-02-13,183.54275512695312,184.70330147289806,182.02513622573113,184.26685928046126,56529500,-0.011274373613944677
2024-02-14,182.65994262695312,184.02878118831165,180.96378758253468,183.8204888809099,54630500,-0.004809846617968572
2024-02-15,182.372314453125,182.99722170980874,179.88262933424807,182.06482521105013,65434500,-0.0015746647551266868
2024-02-16,180.8348388671875,183.35429496994237,180.2000180232841,181.9358579237584,49752500,-0.00843042207666167
2024-02-20,180.0908966064453,180.95385211869663,178.543521838827,180.31903131312703,53665600,-0.004113932168173462
2024-02-21,180.8447723388672,181.41015233649017,179.1982005294332,180.4678422502364,41371400,0.004186084619642427
2024-02-22,182.87815856933594,183.46339606563654,180.98362490692526,181.99536064224762,52292200,0.011243820897728796
2024-02-23,181.04315185546875,183.54275049121756,180.75548990166286,183.51299444569602,45119700,-0.010034039757522373
2024-02-26,179.69415283203125,181.28119739799624,179.18826979539264,180.7654158601022,40867400,-0.007451256839112297
2024-02-27,181.15225219726562,182.43180748858953,178.1070858709482,179.6346334198553,54318900,0.008114339516641644
2024-02-28,179.95204162597656,181.6382830805114,178.67248629654023,181.03321827875988,48953900,-0.0066254245074585105
2024-02-29,179.28746032714844,181.09274105155225,178.07733075339527,179.80325698202418,136682600,-0.0036931023000530416
2024-03-01,178.20628356933594,179.06923911535185,175.94473341504965,178.0971730296413,73563100,-0.006030409242451573
2024-03-04,173.68319702148438,175.46862034292982,172.3837840784165,174.72468891388633,81510100,-0.02538118441873982
2024-03-05,168.74346923828125,170.6479317427376,168.24751498810025,169.37829007310003,95132400,-0.02844102289637196
2024-03-06,167.75155639648438,169.85441265484894,167.31511424596866,169.67586125903696,68587700,-0.005878229517707778
2024-03-07,167.63253784179688,169.34853532264208,167.12666995146384,167.78131806385875,71765100,-0.0007094929981227294
2024-03-08,169.34852600097656,172.29449531822434,167.57301652903823,167.6325286145872,76267000,0.010236605501964924
2024-03-11,171.35220336914062,172.96901916174485,170.65787040570808,171.54066841678448,60139500,0.011831678819292035
2024-03-12,171.8282928466797,172.62182261661565,169.62625492438514,171.74893835615396,59825400,0.002778426353313046
2024-03-13,169.74533081054688,171.78866019215863,169.37831432085247,171.37206037860597,52488700,-0.012122346102753978
2024-03-14,171.60018920898438,172.8995870640017,170.65787905831203,171.5109210667292,72913500,0.010927301443759418
2024-03-15,171.22323608398438,171.22323608398438,168.91208752136302,169.78497182252738,121752700,-0.002196694110522923
2024-03-18,172.3143310546875,176.2720510790249,172.1159523987632,174.14936767646017,75604200,0.006372353400492692
2024-03-19,174.65525817871094,175.18096849600929,171.62993409357304,172.92933186407737,55215200,0.013585214356201636
2024-03-20,177.22430419921875,177.22430419921875,173.67326966604173,174.29817691484007,53423100,0.014709239488679415
2024-03-21,169.9833526611328,176.05384289670778,169.45764237357878,175.61740074055217,106181300,-0.04085755376952327
2024-03-22,170.88600158691406,171.64977539848843,168.68396342338923,170.37020490965267,71160100,0.005310219569446328
2024-03-25,169.4675750732422,170.54875171721093,168.078894077347,169.1898419011277,54288300,-0.008300425432743563
2024-03-26,168.33680725097656,170.0329624014482,168.20785429573576,168.6244540719099,57388400,-0.006672473018964897
2024-03-27,171.90765380859375,172.19531573949365,168.7335497446837,169.03112531152695,60273300,0.021212512081765666
2024-03-28,170.0924530029297,170.83638432396197,169.13030061690222,170.36027251639132,65672700,-0.010559162233027442
2024-04-01,168.65420532226562,169.86433493378763,168.1086526063626,169.80482284392966,46240500,-0.008455681926342051
2024-04-02,167.4738311767578,167.96978543762384,166.86876637308836,167.71189467068976,49329500,-0.006998782765317624
2024-04-03,168.27725219726562,169.29891662745933,167.21591809103955,167.4242103770211,47691700,0.004797292895627692
2024-04-04,167.45401000976562,170.52891745806397,167.45401000976562,168.91210166538218,53704400,-0.004892177503201367
2024-04-05,168.2078399658203,169.01128340394683,167.58293278713433,168.217753601793,42104800,0.004501713371992233
2024-04-08,167.0869903564453,167.83092176064616,166.87869803905005,167.6622991252661,37425500,-0.006663480189762594
2024-04-09,168.297119140625,168.70380527202582,166.98780774616682,167.3349666518587,42373800,0.0072425075201734135
2024-04-10,166.42242431640625,167.72182216558926,165.75784736817235,167.43417533006158,49709300,-0.011139197354009922
2024-04-11,173.62367248535156,174.04028741115994,166.79935169580833,166.97788797659143,91070300,0.04327090053233529
2024-04-12,175.12144470214844,176.91679662448954,172.80038249764078,172.8499658132502,101670900,0.008626543807977782
2024-04-15,171.2926788330078,175.20080068867838,171.10421379905583,173.94107267383276,73531800,-0.021863489509538314
2024-04-16,168.00946044921875,172.354009228837,166.9084414489389,170.36027866522625,73711200,-0.01916730128898181
2024-04-17,166.64064025878906,169.2691919230274,166.64064025878906,168.23761366668208,50901200,-0.008147280437481141
2024-04-18,165.6884002685547,167.27546002889196,165.20237475763562,166.67039519798726,43122900,-0.005714332282662715
2024-04-19,163.6649169921875,165.05358296102196,162.75236290762146,164.86513304300607,68149400,-0.012212582613432499
2024-04-22,164.4981231689453,165.90663160390042,163.43678880778052,164.1807202784816,48116400,0.005090927194846495
2024-04-23,165.54953002929688,165.69832539217154,163.58555534900174,164.01208389352126,49537800,0.006391603989741146
2024-04-24,167.6523895263672,167.93012271313196,164.86512888648411,165.19244539313124,48251800,0.012702298198600692
2024-04-25,168.5153350830078,169.2295104164757,166.78940883790665,168.15824741627387,50558300,0.005147230880982567
2024-04-26,167.93011474609375,169.95360145871248,167.81107543218243,168.50542350147623,44838400,-0.003472801668915171
2024-04-29,172.09613037109375,174.60565774723543,171.69937301226366,171.9671774185786,68169400,0.024808031789288698
2024-04-30,168.95176696777344,173.5740639461448,168.62443536523762,171.92749229774822,65934800,-0.018270970977325662
2024-05-01,167.93011474609375,171.31252641733016,167.74164970644674,168.20784791968214,50383100,-0.006047005248986603
2024-05-02,171.62994384765625,172.01678759624437,169.50726004906326,171.11414713776406,94214900,0.022031957205272956
2024-05-03,181.89617919921875,185.48688300008854,181.1820038934194,185.13970898312533,163224100,0.05981610854965447
2024-05-06,180.23971557617188,182.70955826534143,178.9601450261929,180.8745364649345,78569700,-0.009106643307953521
2024-05-07,180.92410278320312,183.40387401178498,179.8528549315395,181.965609726272,77305800,0.0037970943576084437
2024-05-08,181.2613525390625,181.58868413827042,179.98178218440233,181.3704630721318,45057100,0.0018640399519542772
2024-05-09,183.07655334472656,183.16582147443802,180.6364518520254,181.08280763590477,48983000,0.010014273755752034
2024-05-10,181.8151397705078,183.8413711732151,180.90134794922002,183.65265049654158,50759500,-0.006890088059739452
2024-05-13,185.0233154296875,185.83779081511702,183.3745104951717,184.18898588060125,72044800,0.017645261352982722
2024-05-14,186.1655731201172,187.029714327999,185.0332642686859,186.24503525163803,52393600,0.006173587840953898
2024-05-15,188.44012451171875,189.36384333151435,186.1059718662387,186.6423374407049,70400000,0.012217894820617525
2024-05-16,188.55931091308594,189.81082048816586,188.3805324914181,189.1850657006259,52845200,0.0006324895065528136
2024-05-17,188.589111328125,189.52277241007562,187.90376371878457,188.23153932133224,41282900,0.00015804265986529842
2024-05-20,189.751220703125,190.6252889956646,187.73491647398643,188.05276500067424,44361300,0.006162123395226482
2024-05-21,191.05238342285156,191.42980957851574,189.6320225414164,189.80087387660714,42309400,0.006857203420906011
2024-05-22,189.6121826171875,191.51924363513825,188.98644290290525,190.97295090373845,34648500,-0.007538250922923595
2024-05-23,185.61929321289062,189.7114944206788,185.370979738518,189.69162509909052,51005900,-0.02105819019212607
2024-05-24,188.6983642578125,189.2943226367172,186.771449342652,187.54620129756856,36327000,0.016588098099212356
2024-05-28,188.7082977294922,191.69798625592665,187.82430244055638,190.21803261577213,52280100,5.264206565191998e-05
2024-05-29,189.00628662109375,190.95307102285372,188.23154975607,188.33088121296123,53068000,0.0015790979791927562
2024-05-30,189.99952697753906,190.88352231957748,189.34399093884022,189.47310363654154,49889100,0.005255065184347485
2024-05-31,190.95306396484375,191.2709124904654,188.62885345568,190.1485307236603,75158300,0.0050186282169923935
2024-06-03,192.72105407714844,193.67458449503022,191.22124613590765,191.5986723140291,50080500,0.009258767969442916
2024-06-04,193.03887939453125,194.0023367795345,191.7277771220464,193.3269163239317,47471400,0.0016491468402595189
2024-06-05,194.5486297607422,195.5716800296083,193.55537589536917,194.08179923154876,54156800,0.00782096524257847
2024-06-06,193.1680145263672,195.17439165110096,192.86010824182844,194.36985841579607,41181800,-0.007096504540139326
2024-06-07,195.56175231933594,195.6114180436154,192.83030419832767,193.33685821193552,53103900,0.012391998741810406
2024-06-10,191.81716918945312,195.96897795846326,190.8537117900643,195.5716673445734,97010200,-0.01914782970326545
2024-06-11,205.75253295898438,205.762475197422,192.32375155853347,192.34360572370616,172373300,0.07264919938302095
2024-06-12,211.6326141357422,218.7145040828182,205.50422428227435,205.97105482418652,198134300,0.02857841452639609
2024-06-13,212.79470825195312,215.28776993558532,210.17251871917932,213.29133517221976,97862700,0.005491091819456395
2024-06-14,211.05653381347656,213.71844708080008,209.87455920751867,212.40735976944958,70122700,-0.008168316086218264
2024-06-17,215.20831298828125,217.47293058672338,211.28496325493592,211.93057220447776,93728300,0.01967140793885047
2024-06-18,212.8443603515625,217.15509356895643,211.56306955662498,216.12210108008887,79943300,-0.01098448570082644
2024-06-20,208.2654571533203,212.79470737847507,207.44106980621038,212.48678595825902,86172500,-0.021512917658137898
2024-06-21,206.09024047851562,210.4605512222798,205.71279917720716,208.97067049292605,241805100,-0.01044444289771651
2024-06-24,206.73587036132812,211.2651058128792,205.19632375372012,206.3187055335118,80727000,0.003132753309003977
2024-06-25,207.65960693359375,209.95402109263304,207.20270345608853,207.73905391104032,55549700,0.0044681968864481725
2024-06-26,211.8114013671875,213.41054080672134,209.2190079939271,210.07320698316605,66213200,0.019993269249139134
2024-06-27,212.65565490722656,214.28459061162127,210.91746067332394,213.2416710401095,49772700,0.003985873917029981
2024-06-28,209.19912719726562,214.6123729638464,208.8812938369491,214.31439376890182,82542700,-0.016254106722291883
2024-07-01,215.2877655029297,216.04263295008636,210.49034773322808,210.65919906394006,60402900,0.029104511033273717
2024-07-02,218.78402709960938,218.89328562800327,213.6489065767971,214.6918109818244,58046200,0.01623994558405184
2024-07-03,220.05538940429688,220.05538940429688,217.55238550522975,218.51584293427166,37369800,0.005811038043050054
2024-07-05,224.8130645751953,224.92232310094593,220.1547017635972,220.1547017635972,60412400,0.021620352874690996
2024-07-08,226.28311157226562,226.31290797690275,221.7439339584199,225.55802531049062,59085900,0.006538974947243759
2024-07-09,227.13729858398438,227.85244261706796,224.84288445944628,226.39235814584333,48076100,0.0037748597576887644
2024-07-10,231.40829467773438,231.50762613234983,227.70346178953022,227.75312751683794,62627700,0.018803587611440964
2024-07-11,226.0347900390625,230.82226580227746,224.2469300453064,229.82901193417422,64710600,-0.023220881715390385
2024-07-12,228.98475646972656,231.07059580434316,227.13730353661973,227.3756899381295,53046500,0.01305093976973315
2024-07-15,232.81871032714844,235.62962070976812,231.5175501306247,234.88468027763452,62631300,0.01674327110909135
2024-07-16,233.23590087890625,234.67611608181264,230.76269307600518,233.41467931591345,43234300,0.0017919116172904204
2024-07-17,227.33595275878906,229.8985495862513,225.11105861290636,227.90209958898402,57345900,-0.02529605475779817
2024-07-18,222.6676483154297,228.88542732552744,220.7705449165008,228.7265030667722,66034600,-0.02053482692336217
2024-07-19,222.79678344726562,225.2699911539264,221.77373312637206,223.30335264411235,49151500,0.0005799456401183178
2024-07-22,222.44915771484375,226.24337986146955,221.58501648633228,225.47857008869346,48201800,-0.0015602816478907933
2024-07-23,223.49205017089844,225.40903804109774,221.17776681088287,222.8563682936816,39960300,0.004688228387861759
2024-07-24,217.06570434570312,223.2834835656707,215.66522784122517,222.48887740092556,61777600,-0.028754247948780565
2024-07-25,216.02279663085938,219.36013034825794,213.17214762576046,217.45306951901438,51391200,-0.004804571583463035
2024-07-26,216.48963928222656,218.00931662499272,214.55278194008886,217.22463751115632,41601300,0.002161080490800771
2024-07-29,216.7677459716797,217.82059272630025,214.294538197557,215.49638213713573,36311800,0.0012846189331516822
2024-07-30,217.32394409179688,218.84362126060284,214.66201590891492,217.71131248471113,41643800,0.002565871216789972
2024-07-31,220.58181762695312,222.31008478832948,219.14160257039833,219.94613576688096,50036300,0.01499086328830912
2024-08-01,216.8869171142578,222.96562598955987,215.5559605569344,222.85636745689294,62501000,-0.01675070299286463
2024-08-02,218.37681579589844,224.07809897050203,216.24132584869807,217.67159881719564,105568600,0.006869472356674011
2024-08-05,207.85826110839844,212.0597211288106,194.67777677399005,197.74692788266515,119548600,-0.0481669935939123
2024-08-06,205.83201599121094,208.57340664857958,199.7135830535153,203.91504310362458,69660500,-0.009748205851346059
2024-08-07,208.404541015625,212.19876304064402,204.99767225034321,205.5042262843129,63516400,0.012498177273470912
2024-08-08,211.87098693847656,212.7549823030523,207.42121371107248,211.67233918968967,47161100,0.01663325523502701
2024-08-09,214.78125,215.31760049038544,210.54005118457778,210.66917905420067,42201600,0.01373601503243349
2024-08-12,216.31260681152344,218.28152162650582,214.39341520959198,214.86078610016068,38028100,0.007129844022806697
2024-08-13,220.03167724609375,220.64820259017597,217.7843155173404,217.7843155173404,44155300,0.01719303599263089
2024-08-14,220.47915649414062,221.7818227179272,218.4704570730026,219.33559848009435,41960600,0.0020337037541480196
2024-08-15,223.4623565673828,224.0888356302054,221.51331902381992,223.34303300242357,46414000,0.013530531051906713
2024-08-16,224.78494262695312,225.56057624113714,222.39836482120643,222.6668580486994,44340200,0.00591860785810483
2024-08-19,224.62583923339844,224.72528566746527,221.79178276984416,224.45679243420122,40687800,-0.0007078027188801572
2024-08-20,225.2423553466797,225.89866536829538,224.18828995199718,224.50650638916653,30299000,0.002744635770244752
2024-08-21,225.13296508789062,226.70412456960102,223.7905293550798,225.25230383574092,34765500,-0.00048565581114035083
2024-08-22,223.2734375,227.06211276120644,222.6469583809866,226.51518775043243,43695300,-0.008259685946767847
2024-08-23,225.57049560546875,226.9427773475752,223.07454817990703,224.39710671028325,38677300,0.010288093967598666
2024-08-26,225.90859985351562,226.00804628168004,222.6370187250734,225.49095216733542,30602200,0.0014988850697843503
2024-08-27,226.75384521484375,227.5692634267734,223.63141860700006,224.73520717839608,35934600,0.003741536895347064
2024-08-28,225.2224578857422,228.57359288043327,224.41697829182954,226.6444476309267,38052200,-0.006753523088662949
2024-08-29,228.5039825439453,231.61647047641185,227.59908685526068,228.81226038667728,51906300,0.014570148505651526
2024-08-30,227.7184295654297,229.1105885676507,226.20693181059323,228.9017723040151,52990800,-0.003437808697117739
2024-09-03,221.52328491210938,227.71841483123856,219.9322331496077,227.27093626472063,50190600,-0.027205284460914858
2024-09-04,219.61402893066406,220.53881694406624,216.2628786668988,220.41949337418052,43840200,-0.00861875979404525
2024-09-05,221.1354522705078,224.2180939758369,220.28026466484505,220.3896496553389,36615400,0.006927714715001532
2024-09-06,219.58421325683594,223.97947540850993,218.5400864277892,222.69668624975694,48423000,-0.007014881592908417
2024-09-09,219.6737060546875,220.03169196273555,215.49721390972365,219.58421337102425,67180000,0.0004075557004952213
2024-09-10,218.87815856933594,220.24048653111632,215.5170698289156,217.69481595725216,51591000,-0.003621496171023364
2024-09-11,221.41390991210938,221.84149617822106,216.6706004766808,220.22062862304543,44587100,0.011585218732412583
2024-09-12,221.52328491210938,222.29891847364556,218.5897974500539,221.25479170284098,37455600,0.0004939843212352635
2024-09-13,221.25479125976562,222.78616606005667,220.66809680320824,222.32874892129448,36766600,-0.0012120335451429876
2024-09-16,215.10939025878906,216.00434741371936,212.72281255665072,215.32814508742544,59357400,-0.027775222249363685
2024-09-17,215.5767364501953,215.6861214463737,213.2995590231644,214.54256344637628,45519300,0.0021725978156694747
2024-09-18,219.4549102783203,221.46360959170417,216.32253015734062,216.3324839032867,59894900,0.01798976036090516
2024-09-19,227.58914184570312,228.53383738270648,223.37288038958053,223.7308662842885,66781300,0.037065616609200935
2024-09-20,226.92286682128906,231.78549913983838,226.3461109929602,228.68296519624158,318679900,-0.0029275343235213303
2024-09-23,225.2025909423828,228.16590950652684,224.54628090601008,226.06771724362264,54146000,-0.007580883773432356
2024-09-24,226.0975341796875,228.06646416724695,224.4667129366972,227.37036953161189,43556100,0.003973947340302431
2024-09-25,225.10311889648438,226.01796830972677,222.76627973963284,223.6711754067507,42308700,-0.0043981695192342185
2024-09-26,226.24668884277344,227.2212000254045,224.1484968482946,226.02791885863684,36636700,0.005080204805224975
2024-09-27,226.5151824951172,228.23551159576573,226.0279344568732,227.1814462394898,34026000,0.001186729643280371
2024-09-30,231.696044921875,231.696044921875,228.36478670449856,228.75260351180964,54541900,0.02287203166555729
2024-10-01,224.9440460205078,228.364781673884,222.48786790384585,228.23551952322458,63285000,-0.029141623473304734
2024-10-02,225.51083374023438,226.09752818761766,221.771881889721,224.62581519597003,32880600,0.00251968313788975
2024-10-03,224.40704345703125,225.5406628776434,222.0702042586661,223.88001079844628,34044200,-0.004894621978448144
2024-10-04,225.53073120117188,226.72401244250622,222.87567550784985,226.6245660168141,37245100,0.005007363970533252
2024-10-07,220.44932556152344,224.4269397639463,220.09133967636964,223.24359711098245,39505400,-0.0225308791071841
2024-10-08,224.50650024414062,224.71531649859696,222.00059897690352,223.0447257693685,31855700,0.018404114742845534
2024-10-09,228.25538635253906,228.46421777631028,223.57175408478048,223.96950943919006,33591100,0.016698341047237886
2024-10-10,227.7581787109375,228.21561101279016,225.89864895817115,226.50523572074002,28183500,-0.00217829532764513
2024-10-11,226.27655029296875,228.1261416619367,226.06771885321956,228.01675665509578,31759200,-0.006505269871556085
2024-10-14,230.00555419921875,230.43314046117197,227.32066753158787,227.4200987868959,39882100,0.016479851320969408
2024-10-15,232.541259765625,236.16088782430575,231.06953169102593,232.30259746810793,64751400,0.01102454058222424
2024-10-16,230.48284912109375,230.8209426799016,228.55370384388218,230.30386376880503,34082200,-0.008851808262352656
2024-10-17,230.85079956054688,232.54129789168553,229.22993194101554,232.12363500920497,32993800,0.0015964330571938135
2024-10-18,233.68482971191406,234.8582185948981,232.7003647541102,234.8582185948981,46431500,0.012276458027271842
2024-10-21,235.1565399169922,235.52447953691794,233.13790198735873,233.13790198735873,36254500,0.0062978422985029425
2024-10-22,234.54002380371094,234.89800969153723,231.29827366695753,232.5810475805218,38846600,-0.002621726418916004
2024-10-23,229.46856689453125,233.82405947286142,226.4853561254601,232.76999409553275,52287000,-0.02162299136382817
2024-10-24,229.27964782714844,229.52824872985036,227.13173238618916,228.69293816499177,31109500,-0.0008232895247463068
2024-10-25,230.11492919921875,231.91479719738325,228.28523030841902,228.45427709115,38802300,0.003643068104762781
2024-10-28,232.0937957763672,233.4163543943246,231.24856181455635,232.0142568404043,36087100,0.008599470638583684
2024-10-29,232.36228942871094,233.01859945208068,231.01985366097637,231.7954872619061,35417200,0.001156832527322127
2024-10-30,228.81227111816406,232.1634063461827,228.2653461113998,231.30821865562254,47070900,-0.015277945140216187
2024-10-31,224.64572143554688,228.54378173572667,224.10873499320775,228.05651850818114,64370100,-0.01820946779757926
2024-11-01,221.66250610351562,224.08885327131992,219.03728125399175,219.73336072670745,65276700,-0.013279644557517956
2024-11-04,220.7675323486328,221.5431659237015,218.48041626355018,219.7532516264011,44944500,-0.004037551368587633
2024-11-05,222.199462890625,222.69666464924057,219.90239319356397,220.558703156551,28111300,0.006486146430856987
2024-11-06,221.47357177734375,224.80482991830564,219.95213547791562,221.36418677402693,54561100,-0.0032668445901624654
2024-11-07,226.20692443847656,226.6046949785728,223.31322152292373,223.37288331058951,42137700,0.021372087979379506
2024-11-08,225.9381561279297,227.63049911588695,225.39062937562588,226.14720213057097,38328800,-0.0011881524458813297
2024-11-11,223.2204132080078,224.6837958336773,220.5027091275161,223.98695058099833,42005600,-0.012028702749893427
2024-11-12,223.2204132080078,224.57429049467865,222.35433519325588,223.53897971785378,40398300,0.0
2024-11-13,224.10641479492188,225.62952490733255,221.75703985190805,223.00141185159572,48566200,0.003969178150783348
2024-11-14,227.1924591064453,227.83952645793332,223.98695568104733,224.00686988588794,44923900,0.013770441664275657
2024-11-15,223.98695373535156,225.89830725108274,223.26024476090137,225.38064426033654,47923700,-0.014109206721477863
2024-11-18,226.9933624267578,228.70561947942855,224.1561882479486,224.23582987715278,44633700,0.013422249114376728
2024-11-19,227.252197265625,229.123737666772,225.63949596937007,225.95804731142948,36211800,0.001140274923019824
2024-11-20,227.9689483642578,228.89475383274825,224.8729502483013,227.0331781982001,35169600,0.0031539897402841355
2024-11-21,227.49110412597656,229.12371949855563,224.69375844400457,227.8494838511811,42108300,-0.0020960935325180508
2024-11-22,228.8350372314453,229.6812162999479,227.03318893672346,227.03318893672346,38168300,0.0059076292703055255
2024-11-25,231.82151794433594,232.19981188776785,228.70562083004268,230.41787789282506,90152800,0.013050801787272137
2024-11-26,234.00167846679688,234.50939199708804,232.2794717613211,232.2794717613211,45986200,0.009404478677360828
2024-11-27,233.8722381591797,234.6288260383393,232.75728573526553,233.41431778082386,33498400,-0.0005531597399869304
2024-11-29,236.26145935058594,236.73929396987336,232.91658663539664,233.75280101667178,28481400,0.010215924772482232
2024-12-02,238.51126098632812,239.70585504150458,236.0922091638524,236.20171450499868,48137100,0.009522507995701979
2024-12-03,241.55747985839844,241.66698519896212,237.82436396202866,238.73027039850206,38861000,0.012771803140334548
2024-12-04,241.91587829589844,243.01093178619982,240.16380790150487,241.7765092325954,44383900,0.0014836983632635636
2024-12-05,241.94573974609375,243.43898620611924,241.03984843814553,242.8914746561807,40033900,0.00012343733038799876
2024-12-06,241.7466278076172,243.52857697582414,240.99005511798387,241.81631992920728,36870600,-0.0008229611262654535
2024-12-09,245.6390380859375,246.12683738886614,240.6615499788263,240.74119161135067,44649200,0.016101197826916103
2024-12-10,246.65443420410156,247.09245556004478,244.23536723926503,245.7783914922151,36914800,0.004133691965561459
2024-12-11,245.38021850585938,249.67081089954078,245.15124311202538,246.84360125039836,45205800,-0.0051659955044141
2024-12-12,246.8435821533203,247.62006903646127,244.57383373711528,245.77839247075497,32777500,0.005963657773114139
2024-12-13,247.01283264160156,248.16759835190283,245.13134272203925,246.70423080565516,33155300,0.0006856588565309352
2024-12-16,249.90972900390625,250.24820975700106,246.53499250196242,246.8734732550572,51694800,0.011727716051529447
2024-12-17,252.33872985839844,252.68716009783537,248.655391740455,248.95404406138837,51356400,0.009719512978441092
2024-12-18,246.9331817626953,253.13512753347695,246.62457993830327,251.02467749046986,56774100,-0.021421793232994757
2024-12-19,248.66534423828125,250.86540066585474,245.97750369773615,246.3856613682502,60882300,0.007014701156082603
2024-12-20,253.34417724609375,253.8518755287198,244.58379575845774,246.92320588947405,147495300,0.018815782400819936
2024-12-23,254.1206817626953,254.49896052911285,252.30886880268173,253.62293295259332,40858800,0.003065018209782222
2024-12-24,257.0374755859375,257.0474099027653,254.14055892454206,254.3396705835317,23234700,0.011477986769947268
2024-12-26,257.8537902832031,258.9289447577566,256.4700643478404,257.02754060124687,27237100,0.003175858677435084
2024-12-27,254.43922424316406,257.53523753189216,251.92061656694878,256.66912911312295,42355300,-0.013242256537275732
2024-12-30,251.06448364257812,252.35863351915538,249.6210152068174,251.09434735441482,35557500,-0.013263444779884836
2024-12-31,249.29251098632812,252.1396347735265,248.30696287880588,251.30342042234355,39480700,-0.007057838809142902
2025-01-02,242.75209045410156,247.97845273823052,240.73123158611202,247.80920478270548,55740700,-0.02623592865405111
2025-01-03,242.26431274414062,243.080612931882,240.80092995907523,242.26431274414062,40244100,-0.002009365641500671
2025-01-06,243.89691162109375,246.21642284830082,242.10501290585998,243.2100158477468,45045600,0.006738916097301262
2025-01-07,241.11947631835938,244.44443460073458,240.263347789176,241.88599852058522,40856000,-0.011387742814264357
2025-01-08,241.60726928710938,242.61273160476242,238.9692066706783,240.83078235887348,37628900,0.002023034290709713
2025-01-10,235.7836151123047,239.0787097724967,231.95094323601768,238.9293760168756,61710900,-0.024103803631356224
2025-01-13,233.34463500976562,233.61342361918983,228.68571346021633,232.47855694506205,49630700,-0.01034414584481358
2025-01-14,232.2296905517578,235.05690023183175,231.42333988575893,233.69307331230715,39435300,-0.004778101960480674
2025-01-15,236.79901123046875,237.88411516800545,233.3744970274307,233.5835582088168,39832000,0.019675867749100462
2025-01-16,227.23228454589844,236.9383864807084,227.0033243432251,236.28136958651152,71759100,-0.040400196921681064
2025-01-17,228.9445343017578,231.24413133243607,227.4512878984511,231.07489856287185,68488300,0.007535239806619742
2025-01-21,221.6375732421875,223.40955766052627,218.39225670760806,222.9914505136237,98070400,-0.03191585718285572
2025-01-22,222.82223510742188,223.1109227348787,218.80041619812283,218.80041619812283,64126500,0.005345040770410758
2025-01-23,222.65301513671875,226.0078374632505,221.29913768199057,223.72815445577547,60234800,-0.0007594393379167785
2025-01-24,221.77694702148438,224.614121166801,220.4131202139208,223.76794215782238,54697900,-0.003934678875542885
2025-01-27,228.82508850097656,231.10477141655377,222.9715575076631,223.01138591977585,94863400,0.031780316097549166
2025-01-28,237.187255859375,239.1085741517517,229.77080167884077,229.81063008981926,75707600,0.03654392712433174
2025-01-29,238.2823028564453,238.78005164957875,232.9563846938824,233.06589003597526,45486100,0.004616803685774551
2025-01-30,236.520263671875,239.70585285329432,236.14198492507634,237.59540286874542,55658300,-0.007394754723483832
2025-01-31,234.9374237060547,246.0770438113447,232.38895238779278,246.0770438113447,100959800,-0.00669219601419091
2025-02-03,226.9833984375,230.78620649590428,224.6838014511222,228.95449458875606,73063300,-0.033855931264941796
2025-02-04,231.7518310546875,232.08034706669682,225.62951205101965,226.2268166528706,45067300,0.021007847490222886
2025-02-05,231.42332458496094,231.62242106375825,227.24223776986636,227.50106167329415,39620300,-0.001417492445395352
2025-02-06,232.16995239257812,232.74734282564026,229.39250557129796,230.24863411824003,29925300,0.0032262426829974267
2025-02-07,226.60511779785156,232.94643248808816,226.23677336593994,231.5527419594936,39707200,-0.023968797587195723
2025-02-10,226.8741912841797,229.80417456619486,226.42572786906877,228.7876615470872,33115600,0.0011874113389096497
2025-02-11,231.8272705078125,234.42837673351212,227.3525813044295,227.42233485023965,53718400,0.021831831975231752
2025-02-12,236.06277465820312,236.15247950770552,229.89386689621963,230.41209906543347,45243300,0.018270085918334233
2025-02-13,240.70687866210938,241.5141157963719,234.76719850951847,236.10262821821914,53614100,0.019673173843823832
2025-02-14,243.76646423339844,244.71322380546283,240.16876569412125,240.427874198087,40896200,0.012710835636666307
2025-02-18,243.6368865966797,244.34445851454996,241.01584434943877,243.31796980618805,48822500,-0.0005315646560581921
2025-02-19,244.03549194335938,245.17160627919233,242.3313280430039,243.8262161273519,32204200,0.0016360632096712457
2025-02-20,244.9922332763672,245.9389927126525,243.45747295470235,244.1052669318995,32316900,0.00392050076564221
2025-02-21,244.71319580078125,247.84249441981407,244.38431857946645,245.11182656230832,53197400,-0.0011389645779961155
2025-02-24,246.25791931152344,248.01191597096326,243.58704451830639,244.0953010258401,51326400,0.006312383382871323
2025-02-25,246.1981201171875,249.14803959700342,244.0753891604379,247.15485528022737,48013300,-0.0002428315584860341
2025-02-26,239.5408935546875,244.14514449402503,238.3150894487839,243.49736566903925,44433600,-0.02704011939380868
2025-02-27,236.49131774902344,241.6337368385667,236.25213016109495,238.5941277716784,41153600,-0.01273091938670523
2025-02-28,241.01583862304688,241.26498665715278,229.41550676334808,236.14250368420718,56833400,0.019131868844441513
2025-03-03,237.2188262939453,243.1983791446907,235.30537120652147,240.96600727263495,47184000,-0.015754202507164528
2025-03-04,235.1259765625,239.25188262538288,233.88023638606123,236.89992456399492,53798100,-0.008822443665799096
2025-03-05,234.93663024902344,235.7438674276595,228.44880585950324,234.61771347352882,47227600,-0.000805297297409524
2025-03-06,234.52804565429688,237.0494227188423,232.36544239217005,233.64107919926062,45170400,-0.0017391268202556764
2025-03-07,238.2552947998047,240.54744460053885,233.95996981993864,234.30878315837532,46273600,0.015892551933860855
2025-03-10,226.70477294921875,235.35520052510583,223.45588808739058,234.73730306532093,72071200,-0.04847960193409895
2025-03-11,220.08741760253906,225.07037859810526,216.70897065581676,223.0472976504486,76137400,-0.029189307576519163
2025-03-12,216.24057006835938,220.99431909322652,214.17763213362198,219.38980505207962,62547500,-0.01747872539050277
2025-03-13,208.96542358398438,216.10102664759694,207.70972301630272,215.21406028960521,61368300,-0.03364376297230043
2025-03-14,212.76246643066406,213.22089031000854,208.86578742228792,210.53009451028822,60107600,0.018170675232085154
2025-03-17,213.27072143554688,214.48656508270392,209.25445626243933,212.58307041465437,48073400,0.0023888377184630993
2025-03-18,211.96519470214844,214.4168029665515,210.76928711901598,213.43018643369246,42432400,-0.006121453168117963
2025-03-19,214.50650024414062,218.01449366985423,213.02157246340184,213.4899719913265,54385400,0.011989258640142442
2025-03-20,213.37037658691406,216.74882322763474,211.4967785561088,213.2607508466693,48862900,-0.0052964532819913535
2025-03-21,217.52618408203125,218.09423372936246,210.55999911901452,210.8390437188948,94127800,0.01947696564815482
2025-03-24,219.977783203125,220.7252273230714,217.83511614199446,220.24686734420678,44299500,0.011270363296444375
2025-03-25,222.98748779296875,223.3363011191594,219.32999652191663,220.0176475207108,34493600,0.013681857076742299
2025-03-26,220.77505493164062,224.25316696482244,219.71866969932233,222.7483031053444,34466100,-0.00992178029012214
2025-03-27,223.08717346191406,224.22328797900445,219.8083765580053,220.63554992146092,37094800,0.010472734480756252
2025-03-28,217.15740966796875,223.04727255158852,216.93815819229235,220.91456609374504,39818600,-0.02658047839293487
2025-03-31,221.37301635742188,224.8511131847691,215.49311362240712,216.27045427307317,65299300,0.019412677172281345
2025-04-01,222.4293975830078,222.91771798921508,218.15400887457568,219.06091135294477,36412700,0.004771951175297495
2025-04-02,223.12701416015625,224.4225869866718,220.2667995775576,220.56578026164416,35905900,0.00313635061160511
2025-04-03,202.49755859375,206.78290782089874,200.56416741637668,204.83954098981803,103419000,-0.09245610910922164
2025-04-04,187.738037109375,199.19884701911502,186.70157274086588,193.2292544699453,125910900,-0.07288740460316123
2025-04-07,180.84161376953125,193.48835506739644,174.02491207450518,176.59612158290105,160466300,-0.03673428915114274
2025-04-08,171.83242797851562,189.69135865616965,168.63337548243626,186.0637635998773,120859500,-0.049818101062165554
2025-04-09,198.17234802246094,199.926344669284,171.30421792842867,171.3640110222038,184395900,0.15328841216885225
2025-04-10,189.7710723876953,194.11621470149436,182.37636057603893,188.42568213047016,121880000,-0.042393783585858436
2025-04-11,197.4747314453125,198.85999394662434,185.42593581806156,185.46580802047046,87435900,0.040594485559310556
2025-04-14,201.82984924316406,212.2143377637297,200.47448329230923,210.7194495182335,101352900,0.022054050996684893
2025-04-15,201.4511260986328,202.81645240683693,199.11910423874315,201.1720815277121,51343900,-0.0018764476411760045
2025-04-16,193.6079559326172,200.01603598224625,191.71442177543545,197.68401406478426,59732400,-0.0389333647218012
2025-04-17,196.3087158203125,198.15241736523095,193.75744237056688,196.5279673080365,52164700,0.013949632775603904
2025-04-21,192.50172424316406,193.13954254760668,189.16313478921086,192.61134997705832,46742500,-0.019392881061038092
2025-04-22,199.059326171875,200.9030125684292,195.3021694205859,195.45165216386687,52976400,0.03406515943944233
2025-04-23,203.90274047851562,207.29114738184992,202.10887173866126,205.29796327240905,52929200,0.02433151161407343
2025-04-24,207.659912109375,208.11835121294007,202.2484237558185,204.1917755069081,47311000,0.018426292957329116
2025-04-25,208.56680297851562,209.0352025034097,205.49729734578435,205.66671618569228,38222300,0.004367192781353779
2025-04-28,209.4238739013672,210.77923983434187,206.7530142372406,209.2843516085664,38743100,0.004109335285442661
2025-04-29,210.490234375,211.51672307140856,207.6599011161091,207.978817902887,36827600,0.005091876364272663
2025-04-30,211.7758331298828,212.8521544830753,205.96569903614,208.58674127234366,52286500,0.0061076408542186655
2025-05-01,212.59304809570312,213.82881264887993,208.18809734114114,208.3674918385056,57365700,0.0038588679064202047
2025-05-02,204.65020751953125,206.28461806468735,201.4710760745947,205.38767599056177,101010600,-0.03736171359938467
2025-05-05,198.21221923828125,203.4044712176219,197.5345438511527,202.40787903175757,69018500,-0.03145849867088735
2025-05-06,197.83349609375,199.96620262041338,196.34858356859348,197.5345306234426,51216500,-0.0019106952436467317
2025-05-07,195.58120727539062,198.7603386318323,192.59143085844198,198.49125449640593,68536700,-0.011384769833375663
2025-05-08,196.81698608398438,199.3682595147921,194.0165494128041,197.04619801698016,50478900,0.0063184946335548275
2025-05-09,197.8534393310547,199.85658408831688,196.86680762308345,198.32183886048443,36453900,0.005266076204561099
2025-05-12,210.3471221923828,210.82612467262763,206.31561695740214,210.52675192915717,63775800,0.06314614951132236
2025-05-13,212.48263549804688,212.95164926547025,208.56089957562318,209.98788789546765,51909300,0.010152329556051276
2025-05-14,211.8839111328125,213.49052924285678,210.1375877621875,211.98369190366654,49325800,-0.0028177566784739483
2025-05-15,211.00575256347656,212.51258988469863,209.0997617101353,210.506803034962,45029500,-0.004144526899852674
2025-05-16,210.81614685058594,212.12340739052024,209.3292870180407,211.9138418912236,54737900,-0.0008985807760553133
2025-05-19,208.3413543701172,209.0398806327114,203.83084657536088,207.47318710280226,46140500,-0.011739103087880398
2025-05-20,206.42539978027344,208.03201787298204,204.5992426766309,207.23369558110693,42496600,-0.009196227967492532
2025-05-21,201.66542053222656,206.6050179110669,200.2883301620853,204.7389515122616,59211800,-0.023059077289488417
2025-05-22,200.93695068359375,202.32402973584547,199.28043462788855,200.28832240028711,46742400,-0.003612269504163268
2025-05-23,194.8597412109375,197.28462846236872,193.05354646446796,193.2630967266574,78432900,-0.030244359994423098
2025-05-27,199.78936767578125,200.31825293342968,197.01519441683536,197.88337691051132,56288500,0.025298332196322493
2025-05-28,199.99893188476562,202.3040763244224,199.48002009942556,200.16857290124128,45339700,0.0010489257332475521
2025-05-29,199.5299072265625,203.38179807643976,198.09293019267844,203.15228556391767,51396800,-0.0023451358153920854
2025-05-30,200.4280242919922,201.53569281345096,196.36656797106642,198.95112277889336,70819900,0.004501165153201203
2025-06-02,201.27622985839844,201.70533435611304,199.69954757512772,199.85921507319503,35423300,0.0042319709002895944
2025-06-03,202.8429412841797,203.34189080211323,200.53779694760377,200.92697696252267,46381600,0.007783886983989463
2025-06-04,202.3938751220703,205.80668775064265,201.67538665008354,202.4836823743862,43604000,-0.0022138614203993656
2025-06-05,200.20848083496094,204.3198198340372,199.72947835269025,203.07244608657666,55126100,-0.010797729357132413
2025-06-06,203.49156188964844,205.26782088834017,201.62549563553227,202.57349663849442,46607700,0.016398311604960636
2025-06-09,201.02674865722656,205.56719211084615,199.59976040917107,203.96057412654167,72862600,-0.012112606584436802
2025-06-10,202.24420166015625,203.92068000712237,200.14862275986277,200.17855851367187,54672600,0.006056174171157558
2025-06-11,198.36236572265625,204.07034932786254,197.99314795828434,203.0724503091444,60989900,-0.01919380583292518
2025-06-12,198.78147888183594,199.26046614106752,196.94534836583952,198.66173587371065,43904600,0.0021128663073402
2025-06-13,196.03726196289062,199.9490243445518,195.2888376882346,199.3103695725812,51447300,-0.013805194198080128
2025-06-16,198.0031280517578,198.27256505925683,196.1470352061455,196.8854859861783,43020700,0.010028022576847206
2025-06-17,195.2289581298828,197.97318035709665,194.79986887227625,196.78567812068002,38856200,-0.014010737856372857
2025-06-18,196.1669921875,197.15491770400297,194.66017014117494,195.52833742048526,45394700,0.004804789548654709
2025-06-20,200.5777130126953,201.27623931614946,196.44641147314488,197.82351706190548,96813500,0.022484520846297373
2025-06-23,201.07664489746094,201.87496712850407,198.54198818263384,201.20637663769034,55814300,0.002487474192778505
2025-06-24,199.87918090820312,203.0125832870988,199.77938491343542,202.16436301176623,54064000,-0.005955261437092574
2025-06-25,201.1365203857422,203.24208788881052,200.19849288768373,201.02675088646447,39525700,0.006290497448638854
2025-06-26,200.5777130126953,202.2142668779585,199.04095514509618,201.00680230384165,50799100,-0.002778249181079495
2025-06-27,200.6575469970703,202.79305039965564,199.57981417332658,201.46584280819525,73188600,0.00039802021458856807
2025-06-30,204.7389373779297,206.95427439094752,198.84135059390303,201.58557286233471,91912800,0.02034007911458713
2025-07-01,207.3833770751953,209.74839282792448,205.70689884063935,206.23578409144605,78788900,0.01291615425542747
2025-07-02,211.99366760253906,212.8917706186518,207.7026988246806,208.47108532398713,67941800,0.022230762139012317
2025-07-03,213.10133361816406,214.1990133776075,211.3649838836884,211.70426588787655,34955800,0.0052249957659193935
2025-07-07,209.50889587402344,215.77570049162512,208.36131809352125,212.23315593085263,50229000,-0.01685788485292905
2025-07-08,209.5687713623047,210.98578616820197,208.01205130024096,209.658593847986,42848900,0.00028578971805215403
2025-07-09,210.69639587402344,210.8859991217609,206.78463359109693,209.0897778625777,48749400,0.00538068961510163
2025-07-10,211.9637451171875,213.03148920420767,209.58874045798783,210.06772774811225,44443600,0.0060150494644521935
2025-07-11,210.7163543701172,211.68431760849728,209.41908263784933,210.12759762046792,39765800,-0.005884925020458898
2025-07-14,208.1816864013672,210.46688365912564,207.10395364435493,209.48893166698292,38840100,-0.01202881464197092
2025-07-15,208.67066955566406,211.44482767792792,208.48106630115817,208.7804390594974,42296300,0.0023488288655426626
2025-07-16,209.7184600830078,211.9537441254909,208.20164932080104,209.85816533566302,47490500,0.005021264030900419
2025-07-17,209.57875061035156,211.3550095983717,209.14964612579556,210.12759810142074,48068100,-0.0006661763232523876
2025-07-18,210.73631286621094,211.34503189230253,209.25942654413325,210.42696659875526,48974600,0.005523280640275852
2025-07-21,212.03358459472656,215.32665448510335,211.18537954340883,211.65439331220318,51377400,0.006155900285392368
2025-07-22,213.9495391845703,214.49838667908332,211.78410018506472,212.69219192810166,46404100,0.009036090171780309
2025-07-23,213.7000732421875,214.69797228179937,211.9637386583707,214.54829351654996,46989300,-0.0011660036442873167
2025-07-24,213.31089782714844,215.23685093304425,213.08138530657155,213.45060308663847,46022600,-0.0018211290671763525
2025-07-25,213.43064880371094,214.7877920897316,212.95164630742312,214.24891808809048,40268800,0.0005613917422049308
2025-07-28,213.6002960205078,214.39861831079742,212.61237047326716,213.5803337758995,37858000,0.0007948587409902785
2025-07-29,210.8261260986328,214.3586818606333,210.37707459375494,213.73000061776605,51411700,-0.012987668901023652
2025-07-30,208.6107940673828,211.94377315400357,207.28358653790625,211.454797150492,45512500,-0.010507862911703691
2025-07-31,207.1339111328125,209.39913099136336,206.72476887181696,208.0519764228089,80698400,-0.007079609380583052
2025-08-01,201.95480346679688,213.13126916468397,201.07664747870345,210.4269561886582,104434500,-0.025003668581794036
2025-08-04,202.9227752685547,207.44325668811337,201.25627047720934,204.0803265791815,75109300,0.004793012026163446
2025-08-05,202.49366760253906,204.90858140720596,201.73526982787092,202.97265486934364,44155100,-0.0021146353111312077
2025-08-06,212.8019561767578,214.9274858636443,205.15804638253505,205.1979708684584,108483100,0.05090672067065416
2025-08-07,219.56771850585938,220.38600300495352,216.12496995802366,218.42014073215765,90224800,0.03179370364190537
2025-08-08,228.86813354492188,230.51466074526758,218.78934791515115,220.36603010589778,113854000,0.04235784341318971
2025-08-11,226.95997619628906,229.33767612130436,224.54232171734583,227.6992650180531,61806100,-0.008337365796965757
2025-08-12,229.42758178710938,230.57647717809445,226.8500938879156,227.78917070894937,55626200,0.010872426196794072
2025-08-13,233.10403442382812,234.77241529044048,230.2068337695816,230.8462285986664,69878500,0.016024457949132653
2025-08-14,232.5545654296875,234.89229562265464,230.6264418350812,233.83332460758467,51916300,-0.0023571835446725142
2025-08-15,231.36570739746094,234.0531046408583,229.11788646444978,233.77337703316005,56038700,-0.005112168105708581
2025-08-18,230.66639709472656,232.89423321308522,229.88715369469057,231.47561022214762,37476200,-0.0030225322092916063
2025-08-19,230.3367156982422,232.64447617946885,229.1278960385577,231.05601964615855,39402600,-0.001429256279357305
2025-08-20,225.79110717773438,230.24679444121838,225.55134937034353,229.75726351111018,42263900,-0.019734624185850147
2025-08-21,224.68218994140625,226.30063142153253,223.56327948127884,226.05087353353895,30621200,-0.004911252928377019
2025-08-22,227.53941345214844,228.8681272027074,225.1916985271248,225.95095699429655,42477800,0.012716733406805902
2025-08-25,226.94000244140625,229.07792927219558,226.01089520624416,226.26065308481304,30983100,-0.002634317288807808
2025-08-26,229.08792114257812,229.26775474756235,224.4724002828088,226.65028173376106,54575100,0.00946469850209164
2025-08-27,230.26678466796875,230.676376013076,228.03893336267103,228.38860049855515,31259500,0.005145899965004919
2025-08-28,232.33477783203125,233.18396075811214,229.11789497993007,230.59647266873003,38074700,0.008980857430412437
2025-08-29,231.91517639160156,233.15398096397084,231.145917853049,232.28481317583598,39418400,-0.0018060207961334562
2025-09-02,229.49752807617188,230.62643860177437,226.75019132336067,229.02798202980685,44075600,-0.010424709383172748
2025-09-03,238.2390594482422,238.6186963224971,234.133039090421,236.98028515930878,66427800,0.038089871578786294
2025-09-04,239.5477752685547,239.66765417218173,236.51072617258424,238.21906152531412,47549400,0.005493288226302795
2025-09-05,239.45787048339844,241.08629675958926,238.25903569310344,239.76756781945676,54870400,-0.00037531045761318715
2025-09-08,237.64962768554688,239.91741830634814,236.11111057683257,239.06825064349684,48999500,-0.007551402650500583
2025-09-09,234.123046875,238.5487492683241,233.13400016518182,236.77047435136637,66313900,-0.014839412310012845
2025-09-10,226.5703582763672,232.19491077497392,225.73117543382176,231.96513778704139,83440800,-0.03225948363240483
2025-09-11,229.80722045898438,230.22681187017153,226.43048902665416,226.66027725307507,50208600,0.014286344459361722
2025-09-12,233.84332275390625,234.28288383192944,228.79821036620638,228.9980136278554,55824200,0.017562991653877313
2025-09-15,236.47076416015625,237.95932665324483,234.80238330570734,236.77047667310174,42699500,0.011235905200573493
2025-09-16,237.9193572998047,240.98639147239973,236.09114297984144,236.9502954777413,63421100,0.006125886829152938
2025-09-17,238.75856018066406,239.86748583209587,237.4997706474641,238.73857528095925,46508000,0.003527257682534257
2025-09-18,237.64962768554688,240.9664044724694,236.4208079152849,239.737599946219,44249600,-0.004644576907642972
2025-09-19,245.26223754882812,246.06146581163878,239.9773675285625,240.99636870073516,163741300,0.03203291306373979
2025-09-22,255.8319854736328,256.3914711896616,247.8797028858207,248.05953649140056,105517400,0.043095700465100695
2025-09-23,254.18359375,257.0907792625319,253.33442606621003,255.63220171436936,60275200,-0.00644325892472386
2025-09-24,252.06564331054688,255.4923293909784,250.79686899703333,254.9728287261993,42303700,-0.00833236483994404
2025-09-25,256.6212158203125,256.9209435623003,251.466224879955,252.96477212582877,55202100,0.018072960876120314
2025-09-26,255.2126007080078,257.3505275669758,253.5342198150173,253.8539172209246,46076300,-0.0054890828406448655
2025-09-29,254.18359375,254.75304905914027,252.76497075706976,254.31347273152574,40127700,-0.004031959845059219
2025-09-30,254.38340759277344,255.67215158054225,252.8648753735947,254.61318058017173,37704300,0.0007861004710238984
2025-10-01,255.20260620117188,258.53938316103813,254.6831055272507,254.7929996074261,48713900,0.003220330351537015
2025-10-02,256.8809814453125,257.9299523535748,253.9038565188199,256.33149581258533,42630200,0.006576638338942287
2025-10-03,257.7701110839844,258.9889308017334,253.70406057825727,254.42336451804394,49155600,0.0034612513299712155
2025-10-06,256.44140625,258.819106172963,254.80299514816292,257.7401350456914,44664100,-0.0051546117135026215
2025-10-07,256.23162841796875,257.15072039039774,255.18262697514498,256.56129542181253,31955800,-0.0008180341665524615
2025-10-08,257.8100891113281,258.2696351050741,255.8619653198879,256.2715719294531,36496900,0.00616028826380699
2025-10-09,253.79396057128906,257.75013209688524,252.8948383011137,257.5603136690899,38322000,-0.01557785637436715
2025-10-10,245.032470703125,256.13171175032437,243.76369637579657,254.69310389004832,61999100,-0.03452205816262133
2025-10-13,247.42015075683594,249.44818352992385,245.32217845998096,249.13848619669534,38142900,0.009744341420789837
2025-10-14,247.53004455566406,248.60900042906025,244.46301046499008,246.36117950382103,35478000,0.00044415864468594357
2025-10-15,249.09852600097656,251.5761352503302,247.2303418581919,249.24838988167792,33893600,0.006336529564029414
2025-10-16,247.21035766601562,248.79881419551728,244.8926123625184,248.00958596667436,39777000,-0.007580006053321764
2025-10-17,252.045654296875,253.13461023404025,247.03052706557392,247.77980070207627,49147000,0.019559441912186948
2025-10-20,261.98602294921875,264.1239650925819,255.3824390623343,255.64218177653177,90483000,0.03943876231500254
2025-10-21,262.5155029296875,265.03308188579996,261.5764108568555,261.6263807259345,46695900,0.0020210237725979407
2025-10-22,258.19970703125,262.5954395959732,255.18261234613632,262.3956210979312,45015300,-0.016440156296572916
2025-10-23,259.3285827636719,260.36758405794774,257.76012648314656,259.68824995662277,32754900,0.004372103072468825
2025-10-24,262.56549072265625,263.87421967110856,258.9290010880386,260.93706434715574,38253700,0.012481878875396424
2025-10-27,268.5496520996094,268.8593494221352,264.3936774471076,264.6234656652487,44888200,0.02279111912415832
2025-10-28,268.7394714355469,269.6286240979669,267.8902885694659,268.7294713644567,41534800,0.0007068314349076843
2025-10-29,269.4388122558594,271.1471476128123,266.85129379808274,269.01920560410514,51086700,0.0026023003490212027
2025-10-30,271.13714599609375,273.87451306817263,268.2199910571769,271.72657092903916,69886500,0.006303226049785504
2025-10-31,270.108154296875,277.05143573891627,268.89933466249033,276.721738255342,86167100,-0.0037950967413132863
2025-11-03,268.7894287109375,270.5877038096653,265.9921525413924,270.15812755648943,50194600,-0.004882213161503057
2025-11-04,269.7784729003906,271.22705027239556,267.36080327265466,268.0701070960229,49274800,0.0036796245826942187
2025-11-05,269.8783874511719,271.43687417180433,266.67147434431234,268.3498399683747,43683100,0.0003703577594871277
2025-11-06,269.50872802734375,273.1352174017799,267.6305743388968,267.6305743388968,51204000,-0.0013697259247742455
2025-11-07,268.2099914550781,272.02629915101613,266.51162568814635,269.5386899523433,48227400,-0.004818903572332056
2025-11-10,269.42999267578125,273.7300109863281,267.4599914550781,268.9599914550781,41312400,0.004548679242277531
2025-11-11,275.25,275.9100036621094,269.79998779296875,269.80999755859375,46208300,0.021601185771556786
2025-11-12,273.4700012207031,275.7300109863281,271.70001220703125,275.0,48398000,-0.006466843884820661
2025-11-13,272.95001220703125,276.70001220703125,272.0899963378906,274.1099853515625,49602800,-0.0019014480979659965
2025-11-14,272.4100036621094,275.9599914550781,269.6000061035156,271.04998779296875,47431300,-0.0019784155368063328
2025-11-17,267.4599914550781,270.489990234375,265.7300109863281,268.82000732421875,45018300,-0.018171183658773127
2025-11-18,267.44000244140625,270.7099914550781,265.32000732421875,269.989990234375,45677300,-7.473646268785217e-05
2025-11-19,268.55999755859375,272.2099914550781,265.5,265.5299987792969,40424500,0.004187836924032684
2025-11-20,266.25,275.42999267578125,265.9200134277344,270.8299865722656,45823600,-0.008601420835542606
2025-11-21,271.489990234375,273.3299865722656,265.6700134277344,265.95001220703125,59030800,0.019680714495305063
2025-11-24,275.9200134277344,277.0,270.8999938964844,270.8999938964844,65585800,0.0163174457722548
2025-11-25,276.9700012207031,280.3800048828125,275.25,275.2699890136719,46914200,0.003805406428931457
2025-11-26,277.54998779296875,279.5299987792969,276.6300048828125,276.9599914550781,33431400,0.0020940411225383038
2025-11-28,278.8500061035156,279.0,275.989990234375,277.260009765625,20135600,0.004683906927485104
